<font>
  <info face="atomicsc" size="72" bold="0" italic="0" charset="" unicode="" stretchH="100" smooth="1" aa="1" padding="2,2,2,2" spacing="0,0" outline="0"/>
  <common lineHeight="96" base="72" scaleW="662" scaleH="510" pages="1" packed="0"/>
  <pages>
    <page id="0" file="atomicsc.png"/>
  </pages>
  <chars count="95">
    <char id="33" x="2" y="2" width="14" height="62" xoffset="0" yoffset="12" xadvance="24" page="0" chnl="15"/>
    <char id="34" x="2" y="66" width="38" height="26" xoffset="0" yoffset="12" xadvance="48" page="0" chnl="15"/>
    <char id="35" x="18" y="2" width="62" height="62" xoffset="0" yoffset="12" xadvance="72" page="0" chnl="15"/>
    <char id="36" x="2" y="94" width="62" height="62" xoffset="0" yoffset="12" xadvance="72" page="0" chnl="15"/>
    <char id="37" x="2" y="158" width="62" height="62" xoffset="0" yoffset="12" xadvance="72" page="0" chnl="15"/>
    <char id="38" x="2" y="222" width="74" height="62" xoffset="0" yoffset="12" xadvance="84" page="0" chnl="15"/>
    <char id="39" x="42" y="66" width="14" height="26" xoffset="0" yoffset="12" xadvance="24" page="0" chnl="15"/>
    <char id="40" x="66" y="66" width="26" height="86" xoffset="0" yoffset="0" xadvance="36" page="0" chnl="15"/>
    <char id="41" x="2" y="286" width="26" height="86" xoffset="0" yoffset="0" xadvance="36" page="0" chnl="15"/>
    <char id="42" x="82" y="2" width="62" height="62" xoffset="0" yoffset="12" xadvance="72" page="0" chnl="15"/>
    <char id="43" x="66" y="154" width="62" height="62" xoffset="0" yoffset="12" xadvance="72" page="0" chnl="15"/>
    <char id="44" x="94" y="66" width="14" height="26" xoffset="0" yoffset="60" xadvance="24" page="0" chnl="15"/>
    <char id="45" x="94" y="94" width="62" height="14" xoffset="0" yoffset="36" xadvance="72" page="0" chnl="15"/>
    <char id="46" x="110" y="66" width="14" height="14" xoffset="0" yoffset="60" xadvance="24" page="0" chnl="15"/>
    <char id="47" x="146" y="2" width="62" height="62" xoffset="0" yoffset="12" xadvance="72" page="0" chnl="15"/>
    <char id="48" x="2" y="374" width="62" height="62" xoffset="0" yoffset="12" xadvance="72" page="0" chnl="15"/>
    <char id="49" x="2" y="438" width="26" height="62" xoffset="0" yoffset="12" xadvance="36" page="0" chnl="15"/>
    <char id="50" x="30" y="438" width="62" height="62" xoffset="0" yoffset="12" xadvance="72" page="0" chnl="15"/>
    <char id="51" x="30" y="286" width="62" height="62" xoffset="0" yoffset="12" xadvance="72" page="0" chnl="15"/>
    <char id="52" x="78" y="218" width="62" height="62" xoffset="0" yoffset="12" xadvance="72" page="0" chnl="15"/>
    <char id="53" x="66" y="350" width="62" height="62" xoffset="0" yoffset="12" xadvance="72" page="0" chnl="15"/>
    <char id="54" x="94" y="282" width="62" height="62" xoffset="0" yoffset="12" xadvance="72" page="0" chnl="15"/>
    <char id="55" x="94" y="414" width="62" height="62" xoffset="0" yoffset="12" xadvance="72" page="0" chnl="15"/>
    <char id="56" x="130" y="346" width="62" height="62" xoffset="0" yoffset="12" xadvance="72" page="0" chnl="15"/>
    <char id="57" x="158" y="410" width="62" height="62" xoffset="0" yoffset="12" xadvance="72" page="0" chnl="15"/>
    <char id="58" x="94" y="110" width="14" height="38" xoffset="0" yoffset="36" xadvance="24" page="0" chnl="15"/>
    <char id="59" x="130" y="110" width="14" height="50" xoffset="0" yoffset="36" xadvance="24" page="0" chnl="15"/>
    <char id="60" x="142" y="162" width="38" height="62" xoffset="0" yoffset="12" xadvance="48" page="0" chnl="15"/>
    <char id="61" x="146" y="110" width="62" height="38" xoffset="0" yoffset="24" xadvance="72" page="0" chnl="15"/>
    <char id="62" x="158" y="226" width="38" height="62" xoffset="0" yoffset="12" xadvance="48" page="0" chnl="15"/>
    <char id="63" x="182" y="150" width="50" height="62" xoffset="0" yoffset="12" xadvance="60" page="0" chnl="15"/>
    <char id="64" x="194" y="290" width="62" height="62" xoffset="0" yoffset="12" xadvance="72" page="0" chnl="15"/>
    <char id="65" x="198" y="214" width="62" height="62" xoffset="0" yoffset="12" xadvance="72" page="0" chnl="15"/>
    <char id="66" x="210" y="2" width="62" height="62" xoffset="0" yoffset="12" xadvance="72" page="0" chnl="15"/>
    <char id="67" x="210" y="66" width="62" height="62" xoffset="0" yoffset="12" xadvance="72" page="0" chnl="15"/>
    <char id="68" x="234" y="130" width="62" height="62" xoffset="0" yoffset="12" xadvance="72" page="0" chnl="15"/>
    <char id="69" x="274" y="2" width="50" height="62" xoffset="0" yoffset="12" xadvance="60" page="0" chnl="15"/>
    <char id="70" x="274" y="66" width="62" height="62" xoffset="0" yoffset="12" xadvance="72" page="0" chnl="15"/>
    <char id="71" x="222" y="354" width="62" height="84" xoffset="0" yoffset="12" xadvance="72" page="0" chnl="15"/>
    <char id="72" x="326" y="2" width="62" height="62" xoffset="0" yoffset="12" xadvance="72" page="0" chnl="15"/>
    <char id="73" x="222" y="440" width="14" height="62" xoffset="0" yoffset="12" xadvance="24" page="0" chnl="15"/>
    <char id="74" x="238" y="440" width="62" height="62" xoffset="0" yoffset="12" xadvance="72" page="0" chnl="15"/>
    <char id="75" x="258" y="278" width="62" height="62" xoffset="0" yoffset="12" xadvance="72" page="0" chnl="15"/>
    <char id="76" x="262" y="194" width="50" height="62" xoffset="0" yoffset="12" xadvance="60" page="0" chnl="15"/>
    <char id="77" x="298" y="130" width="62" height="62" xoffset="0" yoffset="12" xadvance="72" page="0" chnl="15"/>
    <char id="78" x="338" y="66" width="62" height="62" xoffset="0" yoffset="12" xadvance="72" page="0" chnl="15"/>
    <char id="79" x="390" y="2" width="62" height="62" xoffset="0" yoffset="12" xadvance="72" page="0" chnl="15"/>
    <char id="80" x="314" y="194" width="62" height="62" xoffset="0" yoffset="12" xadvance="72" page="0" chnl="15"/>
    <char id="81" x="286" y="342" width="62" height="86" xoffset="0" yoffset="12" xadvance="72" page="0" chnl="15"/>
    <char id="82" x="362" y="130" width="62" height="62" xoffset="0" yoffset="12" xadvance="72" page="0" chnl="15"/>
    <char id="83" x="402" y="66" width="62" height="62" xoffset="0" yoffset="12" xadvance="72" page="0" chnl="15"/>
    <char id="84" x="454" y="2" width="62" height="62" xoffset="0" yoffset="12" xadvance="72" page="0" chnl="15"/>
    <char id="85" x="302" y="430" width="62" height="62" xoffset="0" yoffset="12" xadvance="72" page="0" chnl="15"/>
    <char id="86" x="322" y="258" width="62" height="62" xoffset="0" yoffset="12" xadvance="72" page="0" chnl="15"/>
    <char id="87" x="378" y="194" width="62" height="62" xoffset="0" yoffset="12" xadvance="72" page="0" chnl="15"/>
    <char id="88" x="426" y="130" width="62" height="62" xoffset="0" yoffset="12" xadvance="72" page="0" chnl="15"/>
    <char id="89" x="466" y="66" width="62" height="62" xoffset="0" yoffset="12" xadvance="60" page="0" chnl="15"/>
    <char id="90" x="518" y="2" width="62" height="62" xoffset="0" yoffset="12" xadvance="72" page="0" chnl="15"/>
    <char id="91" x="350" y="322" width="26" height="62" xoffset="0" yoffset="12" xadvance="36" page="0" chnl="15"/>
    <char id="92" x="366" y="386" width="62" height="62" xoffset="0" yoffset="12" xadvance="72" page="0" chnl="15"/>
    <char id="93" x="378" y="322" width="26" height="62" xoffset="0" yoffset="12" xadvance="36" page="0" chnl="15"/>
    <char id="94" x="126" y="66" width="38" height="26" xoffset="0" yoffset="12" xadvance="48" page="0" chnl="15"/>
    <char id="95" x="158" y="474" width="62" height="14" xoffset="0" yoffset="60" xadvance="72" page="0" chnl="15"/>
    <char id="96" x="194" y="354" width="26" height="26" xoffset="0" yoffset="12" xadvance="36" page="0" chnl="15"/>
    <char id="97" x="366" y="450" width="50" height="50" xoffset="0" yoffset="24" xadvance="60" page="0" chnl="15"/>
    <char id="98" x="386" y="258" width="54" height="62" xoffset="0" yoffset="12" xadvance="64" page="0" chnl="15"/>
    <char id="99" x="418" y="450" width="38" height="50" xoffset="0" yoffset="24" xadvance="48" page="0" chnl="15"/>
    <char id="100" x="406" y="322" width="50" height="62" xoffset="0" yoffset="12" xadvance="60" page="0" chnl="15"/>
    <char id="101" x="430" y="386" width="50" height="50" xoffset="0" yoffset="24" xadvance="60" page="0" chnl="15"/>
    <char id="102" x="458" y="438" width="38" height="62" xoffset="0" yoffset="12" xadvance="48" page="0" chnl="15"/>
    <char id="103" x="442" y="194" width="50" height="74" xoffset="0" yoffset="24" xadvance="60" page="0" chnl="15"/>
    <char id="104" x="490" y="130" width="50" height="62" xoffset="0" yoffset="12" xadvance="60" page="0" chnl="15"/>
    <char id="105" x="530" y="66" width="14" height="62" xoffset="0" yoffset="12" xadvance="24" page="0" chnl="15"/>
    <char id="106" x="458" y="270" width="26" height="86" xoffset="0" yoffset="12" xadvance="36" page="0" chnl="15"/>
    <char id="107" x="482" y="358" width="38" height="62" xoffset="0" yoffset="12" xadvance="48" page="0" chnl="15"/>
    <char id="108" x="486" y="270" width="14" height="62" xoffset="0" yoffset="12" xadvance="24" page="0" chnl="15"/>
    <char id="109" x="494" y="194" width="62" height="50" xoffset="0" yoffset="24" xadvance="72" page="0" chnl="15"/>
    <char id="110" x="542" y="130" width="50" height="50" xoffset="0" yoffset="24" xadvance="60" page="0" chnl="15"/>
    <char id="111" x="546" y="66" width="50" height="50" xoffset="0" yoffset="24" xadvance="60" page="0" chnl="15"/>
    <char id="112" x="498" y="422" width="50" height="74" xoffset="0" yoffset="24" xadvance="60" page="0" chnl="15"/>
    <char id="113" x="502" y="246" width="50" height="74" xoffset="0" yoffset="24" xadvance="60" page="0" chnl="15"/>
    <char id="114" x="582" y="2" width="38" height="50" xoffset="0" yoffset="24" xadvance="48" page="0" chnl="15"/>
    <char id="115" x="522" y="322" width="50" height="50" xoffset="0" yoffset="24" xadvance="60" page="0" chnl="15"/>
    <char id="116" x="554" y="246" width="26" height="62" xoffset="0" yoffset="12" xadvance="36" page="0" chnl="15"/>
    <char id="117" x="558" y="182" width="50" height="50" xoffset="0" yoffset="24" xadvance="60" page="0" chnl="15"/>
    <char id="118" x="594" y="118" width="50" height="50" xoffset="0" yoffset="24" xadvance="60" page="0" chnl="15"/>
    <char id="119" x="598" y="54" width="62" height="50" xoffset="0" yoffset="24" xadvance="72" page="0" chnl="15"/>
    <char id="120" x="622" y="2" width="38" height="50" xoffset="0" yoffset="24" xadvance="48" page="0" chnl="15"/>
    <char id="121" x="550" y="374" width="50" height="74" xoffset="0" yoffset="24" xadvance="60" page="0" chnl="15"/>
    <char id="122" x="550" y="450" width="50" height="50" xoffset="0" yoffset="24" xadvance="60" page="0" chnl="15"/>
    <char id="123" x="574" y="310" width="38" height="62" xoffset="0" yoffset="12" xadvance="48" page="0" chnl="15"/>
    <char id="124" x="582" y="234" width="14" height="62" xoffset="0" yoffset="12" xadvance="24" page="0" chnl="15"/>
    <char id="125" x="598" y="234" width="38" height="62" xoffset="0" yoffset="12" xadvance="48" page="0" chnl="15"/>
    <char id="126" x="94" y="478" width="50" height="26" xoffset="0" yoffset="12" xadvance="60" page="0" chnl="15"/>
    <char id="8208" x="302" y="494" width="62" height="14" xoffset="0" yoffset="36" xadvance="72" page="0" chnl="15"/>
    <char id="32" x="0" y="0" width="0" height="0" xoffset="0" yoffset="36" xadvance="60" page="0" chnl="15"/>
  </chars>
</font>